school_year,age,gender,bmi,who_bmi,phq_score,gad_score,anxiety_severity,epworth_score,sleepiness,anxiousness,anxiety_diagnosis,anxiety_treatment,pred_class,pred_confidence
1,18,1,33.33333333,3,9,11,2,7,0,1,0,0,0,0.87
1,21,0,19.84126984,1,8,5,1,14,1,0,0,0,0,0.9433333333333334
1,22,1,25.10239133,2,8,6,1,6,0,0,0,0,0,0.9766666666666667
1,20,1,23.73866213,1,19,15,4,11,1,1,0,0,1,0.9666666666666667
1,25,0,25.61728395,2,6,14,2,3,0,1,0,0,0,0.8866666666666667
